,time,Cost_Value,Int_Cost_value
0,"[ 0.          0.07007007  0.14014014  0.21021021  0.28028028  0.35035035
  0.42042042  0.49049049  0.56056056  0.63063063  0.7007007   0.77077077
  0.84084084  0.91091091  0.98098098  1.05105105  1.12112112  1.19119119
  1.26126126  1.33133133  1.4014014   1.47147147  1.54154154  1.61161161
  1.68168168  1.75175175  1.82182182  1.89189189  1.96196196  2.03203203
  2.1021021   2.17217217  2.24224224  2.31231231  2.38238238  2.45245245
  2.52252252  2.59259259  2.66266266  2.73273273  2.8028028   2.87287287
  2.94294294  3.01301301  3.08308308  3.15315315  3.22322322  3.29329329
  3.36336336  3.43343343  3.5035035   3.57357357  3.64364364  3.71371371
  3.78378378  3.85385385  3.92392392  3.99399399  4.06406406  4.13413413
  4.2042042   4.27427427  4.34434434  4.41441441  4.48448448  4.55455455
  4.62462462  4.69469469  4.76476476  4.83483483  4.9049049   4.97497497
  5.04504505  5.11511512  5.18518519  5.25525526  5.32532533  5.3953954
  5.46546547  5.53553554  5.60560561  5.67567568  5.74574575  5.81581582
  5.88588589  5.95595596  6.02602603  6.0960961   6.16616617  6.23623624
  6.30630631  6.37637638  6.44644645  6.51651652  6.58658659  6.65665666
  6.72672673  6.7967968   6.86686687  6.93693694  7.00700701  7.07707708
  7.14714715  7.21721722  7.28728729  7.35735736  7.42742743  7.4974975
  7.56756757  7.63763764  7.70770771  7.77777778  7.84784785  7.91791792
  7.98798799  8.05805806  8.12812813  8.1981982   8.26826827  8.33833834
  8.40840841  8.47847848  8.54854855  8.61861862  8.68868869  8.75875876
  8.82882883  8.8988989   8.96896897  9.03903904  9.10910911  9.17917918
  9.24924925  9.31931932  9.38938939  9.45945946  9.52952953  9.5995996
  9.66966967  9.73973974  9.80980981  9.87987988  9.94994995 10.02002002
 10.09009009 10.16016016 10.23023023 10.3003003  10.37037037 10.44044044
 10.51051051 10.58058058 10.65065065 10.72072072 10.79079079 10.86086086
 10.93093093 11.001001   11.07107107 11.14114114 11.21121121 11.28128128
 11.35135135 11.42142142 11.49149149 11.56156156 11.63163163 11.7017017
 11.77177177 11.84184184 11.91191191 11.98198198 12.05205205 12.12212212
 12.19219219 12.26226226 12.33233233 12.4024024  12.47247247 12.54254254
 12.61261261 12.68268268 12.75275275 12.82282282 12.89289289 12.96296296
 13.03303303 13.1031031  13.17317317 13.24324324 13.31331331 13.38338338
 13.45345345 13.52352352 13.59359359 13.66366366 13.73373373 13.8038038
 13.87387387 13.94394394 14.01401401 14.08408408 14.15415415 14.22422422
 14.29429429 14.36436436 14.43443443 14.5045045  14.57457457 14.64464464
 14.71471471 14.78478478 14.85485485 14.92492492 14.99499499 15.06506507
 15.13513514 15.20520521 15.27527528 15.34534535 15.41541542 15.48548549
 15.55555556 15.62562563 15.6956957  15.76576577 15.83583584 15.90590591
 15.97597598 16.04604605 16.11611612 16.18618619 16.25625626 16.32632633
 16.3963964  16.46646647 16.53653654 16.60660661 16.67667668 16.74674675
 16.81681682 16.88688689 16.95695696 17.02702703 17.0970971  17.16716717
 17.23723724 17.30730731 17.37737738 17.44744745 17.51751752 17.58758759
 17.65765766 17.72772773 17.7977978  17.86786787 17.93793794 18.00800801
 18.07807808 18.14814815 18.21821822 18.28828829 18.35835836 18.42842843
 18.4984985  18.56856857 18.63863864 18.70870871 18.77877878 18.84884885
 18.91891892 18.98898899 19.05905906 19.12912913 19.1991992  19.26926927
 19.33933934 19.40940941 19.47947948 19.54954955 19.61961962 19.68968969
 19.75975976 19.82982983 19.8998999  19.96996997 20.04004004 20.11011011
 20.18018018 20.25025025 20.32032032 20.39039039 20.46046046 20.53053053
 20.6006006  20.67067067 20.74074074 20.81081081 20.88088088 20.95095095
 21.02102102 21.09109109 21.16116116 21.23123123 21.3013013  21.37137137
 21.44144144 21.51151151 21.58158158 21.65165165 21.72172172 21.79179179
 21.86186186 21.93193193 22.002002   22.07207207 22.14214214 22.21221221
 22.28228228 22.35235235 22.42242242 22.49249249 22.56256256 22.63263263
 22.7027027  22.77277277 22.84284284 22.91291291 22.98298298 23.05305305
 23.12312312 23.19319319 23.26326326 23.33333333 23.4034034  23.47347347
 23.54354354 23.61361361 23.68368368 23.75375375 23.82382382 23.89389389
 23.96396396 24.03403403 24.1041041  24.17417417 24.24424424 24.31431431
 24.38438438 24.45445445 24.52452452 24.59459459 24.66466466 24.73473473
 24.8048048  24.87487487 24.94494494 25.01501502 25.08508509 25.15515516
 25.22522523 25.2952953  25.36536537 25.43543544 25.50550551 25.57557558
 25.64564565 25.71571572 25.78578579 25.85585586 25.92592593 25.995996
 26.06606607 26.13613614 26.20620621 26.27627628 26.34634635 26.41641642
 26.48648649 26.55655656 26.62662663 26.6966967  26.76676677 26.83683684
 26.90690691 26.97697698 27.04704705 27.11711712 27.18718719 27.25725726
 27.32732733 27.3973974  27.46746747 27.53753754 27.60760761 27.67767768
 27.74774775 27.81781782 27.88788789 27.95795796 28.02802803 28.0980981
 28.16816817 28.23823824 28.30830831 28.37837838 28.44844845 28.51851852
 28.58858859 28.65865866 28.72872873 28.7987988  28.86886887 28.93893894
 29.00900901 29.07907908 29.14914915 29.21921922 29.28928929 29.35935936
 29.42942943 29.4994995  29.56956957 29.63963964 29.70970971 29.77977978
 29.84984985 29.91991992 29.98998999 30.06006006 30.13013013 30.2002002
 30.27027027 30.34034034 30.41041041 30.48048048 30.55055055 30.62062062
 30.69069069 30.76076076 30.83083083 30.9009009  30.97097097 31.04104104
 31.11111111 31.18118118 31.25125125 31.32132132 31.39139139 31.46146146
 31.53153153 31.6016016  31.67167167 31.74174174 31.81181181 31.88188188
 31.95195195 32.02202202 32.09209209 32.16216216 32.23223223 32.3023023
 32.37237237 32.44244244 32.51251251 32.58258258 32.65265265 32.72272272
 32.79279279 32.86286286 32.93293293 33.003003   33.07307307 33.14314314
 33.21321321 33.28328328 33.35335335 33.42342342 33.49349349 33.56356356
 33.63363363 33.7037037  33.77377377 33.84384384 33.91391391 33.98398398
 34.05405405 34.12412412 34.19419419 34.26426426 34.33433433 34.4044044
 34.47447447 34.54454454 34.61461461 34.68468468 34.75475475 34.82482482
 34.89489489 34.96496496 35.03503504 35.10510511 35.17517518 35.24524525
 35.31531532 35.38538539 35.45545546 35.52552553 35.5955956  35.66566567
 35.73573574 35.80580581 35.87587588 35.94594595 36.01601602 36.08608609
 36.15615616 36.22622623 36.2962963  36.36636637 36.43643644 36.50650651
 36.57657658 36.64664665 36.71671672 36.78678679 36.85685686 36.92692693
 36.996997   37.06706707 37.13713714 37.20720721 37.27727728 37.34734735
 37.41741742 37.48748749 37.55755756 37.62762763 37.6976977  37.76776777
 37.83783784 37.90790791 37.97797798 38.04804805 38.11811812 38.18818819
 38.25825826 38.32832833 38.3983984  38.46846847 38.53853854 38.60860861
 38.67867868 38.74874875 38.81881882 38.88888889 38.95895896 39.02902903
 39.0990991  39.16916917 39.23923924 39.30930931 39.37937938 39.44944945
 39.51951952 39.58958959 39.65965966 39.72972973 39.7997998  39.86986987
 39.93993994 40.01001001 40.08008008 40.15015015 40.22022022 40.29029029
 40.36036036 40.43043043 40.5005005  40.57057057 40.64064064 40.71071071
 40.78078078 40.85085085 40.92092092 40.99099099 41.06106106 41.13113113
 41.2012012  41.27127127 41.34134134 41.41141141 41.48148148 41.55155155
 41.62162162 41.69169169 41.76176176 41.83183183 41.9019019  41.97197197
 42.04204204 42.11211211 42.18218218 42.25225225 42.32232232 42.39239239
 42.46246246 42.53253253 42.6026026  42.67267267 42.74274274 42.81281281
 42.88288288 42.95295295 43.02302302 43.09309309 43.16316316 43.23323323
 43.3033033  43.37337337 43.44344344 43.51351351 43.58358358 43.65365365
 43.72372372 43.79379379 43.86386386 43.93393393 44.004004   44.07407407
 44.14414414 44.21421421 44.28428428 44.35435435 44.42442442 44.49449449
 44.56456456 44.63463463 44.7047047  44.77477477 44.84484484 44.91491491
 44.98498498 45.05505506 45.12512513 45.1951952  45.26526527 45.33533534
 45.40540541 45.47547548 45.54554555 45.61561562 45.68568569 45.75575576
 45.82582583 45.8958959  45.96596597 46.03603604 46.10610611 46.17617618
 46.24624625 46.31631632 46.38638639 46.45645646 46.52652653 46.5965966
 46.66666667 46.73673674 46.80680681 46.87687688 46.94694695 47.01701702
 47.08708709 47.15715716 47.22722723 47.2972973  47.36736737 47.43743744
 47.50750751 47.57757758 47.64764765 47.71771772 47.78778779 47.85785786
 47.92792793 47.997998   48.06806807 48.13813814 48.20820821 48.27827828
 48.34834835 48.41841842 48.48848849 48.55855856 48.62862863 48.6986987
 48.76876877 48.83883884 48.90890891 48.97897898 49.04904905 49.11911912
 49.18918919 49.25925926 49.32932933 49.3993994  49.46946947 49.53953954
 49.60960961 49.67967968 49.74974975 49.81981982 49.88988989 49.95995996
 50.03003003 50.1001001  50.17017017 50.24024024 50.31031031 50.38038038
 50.45045045 50.52052052 50.59059059 50.66066066 50.73073073 50.8008008
 50.87087087 50.94094094 51.01101101 51.08108108 51.15115115 51.22122122
 51.29129129 51.36136136 51.43143143 51.5015015  51.57157157 51.64164164
 51.71171171 51.78178178 51.85185185 51.92192192 51.99199199 52.06206206
 52.13213213 52.2022022  52.27227227 52.34234234 52.41241241 52.48248248
 52.55255255 52.62262262 52.69269269 52.76276276 52.83283283 52.9029029
 52.97297297 53.04304304 53.11311311 53.18318318 53.25325325 53.32332332
 53.39339339 53.46346346 53.53353353 53.6036036  53.67367367 53.74374374
 53.81381381 53.88388388 53.95395395 54.02402402 54.09409409 54.16416416
 54.23423423 54.3043043  54.37437437 54.44444444 54.51451451 54.58458458
 54.65465465 54.72472472 54.79479479 54.86486486 54.93493493 55.00500501
 55.07507508 55.14514515 55.21521522 55.28528529 55.35535536 55.42542543
 55.4954955  55.56556557 55.63563564 55.70570571 55.77577578 55.84584585
 55.91591592 55.98598599 56.05605606 56.12612613 56.1961962  56.26626627
 56.33633634 56.40640641 56.47647648 56.54654655 56.61661662 56.68668669
 56.75675676 56.82682683 56.8968969  56.96696697 57.03703704 57.10710711
 57.17717718 57.24724725 57.31731732 57.38738739 57.45745746 57.52752753
 57.5975976  57.66766767 57.73773774 57.80780781 57.87787788 57.94794795
 58.01801802 58.08808809 58.15815816 58.22822823 58.2982983  58.36836837
 58.43843844 58.50850851 58.57857858 58.64864865 58.71871872 58.78878879
 58.85885886 58.92892893 58.998999   59.06906907 59.13913914 59.20920921
 59.27927928 59.34934935 59.41941942 59.48948949 59.55955956 59.62962963
 59.6996997  59.76976977 59.83983984 59.90990991 59.97997998 60.05005005
 60.12012012 60.19019019 60.26026026 60.33033033 60.4004004  60.47047047
 60.54054054 60.61061061 60.68068068 60.75075075 60.82082082 60.89089089
 60.96096096 61.03103103 61.1011011  61.17117117 61.24124124 61.31131131
 61.38138138 61.45145145 61.52152152 61.59159159 61.66166166 61.73173173
 61.8018018  61.87187187 61.94194194 62.01201201 62.08208208 62.15215215
 62.22222222 62.29229229 62.36236236 62.43243243 62.5025025  62.57257257
 62.64264264 62.71271271 62.78278278 62.85285285 62.92292292 62.99299299
 63.06306306 63.13313313 63.2032032  63.27327327 63.34334334 63.41341341
 63.48348348 63.55355355 63.62362362 63.69369369 63.76376376 63.83383383
 63.9039039  63.97397397 64.04404404 64.11411411 64.18418418 64.25425425
 64.32432432 64.39439439 64.46446446 64.53453453 64.6046046  64.67467467
 64.74474474 64.81481481 64.88488488 64.95495495 65.02502503 65.0950951
 65.16516517 65.23523524 65.30530531 65.37537538 65.44544545 65.51551552
 65.58558559 65.65565566 65.72572573 65.7957958  65.86586587 65.93593594
 66.00600601 66.07607608 66.14614615 66.21621622 66.28628629 66.35635636
 66.42642643 66.4964965  66.56656657 66.63663664 66.70670671 66.77677678
 66.84684685 66.91691692 66.98698699 67.05705706 67.12712713 67.1971972
 67.26726727 67.33733734 67.40740741 67.47747748 67.54754755 67.61761762
 67.68768769 67.75775776 67.82782783 67.8978979  67.96796797 68.03803804
 68.10810811 68.17817818 68.24824825 68.31831832 68.38838839 68.45845846
 68.52852853 68.5985986  68.66866867 68.73873874 68.80880881 68.87887888
 68.94894895 69.01901902 69.08908909 69.15915916 69.22922923 69.2992993
 69.36936937 69.43943944 69.50950951 69.57957958 69.64964965 69.71971972
 69.78978979 69.85985986 69.92992993 70.        ]","[4.54992111e-05 6.92418203e-05 9.34566866e-05 1.18139635e-04
 1.43286491e-04 1.68893082e-04 1.94955235e-04 2.21468780e-04
 2.48429550e-04 2.75833381e-04 3.03676114e-04 3.31953594e-04
 3.60661668e-04 3.89796194e-04 4.19353031e-04 4.49328047e-04
 4.79717118e-04 5.10516126e-04 5.41720960e-04 5.73327519e-04
 6.05331712e-04 6.37729455e-04 6.70516675e-04 7.03689309e-04
 7.37243305e-04 7.71174622e-04 8.05479230e-04 8.40153110e-04
 8.75192257e-04 9.10592678e-04 9.46350392e-04 9.82461431e-04
 1.01892184e-03 1.05572769e-03 1.09287504e-03 1.13035998e-03
 1.16817863e-03 1.20632709e-03 1.24480150e-03 1.28359802e-03
 1.32271280e-03 1.36214203e-03 1.40188190e-03 1.44192864e-03
 1.48227847e-03 1.52292764e-03 1.56387241e-03 1.60510908e-03
 1.64663393e-03 1.68844330e-03 1.73053351e-03 1.77290092e-03
 1.81554191e-03 1.85845286e-03 1.90163020e-03 1.94507034e-03
 1.98876973e-03 2.03272485e-03 2.07693218e-03 2.12138822e-03
 2.16608951e-03 2.21103259e-03 2.25621403e-03 2.30163040e-03
 2.34727832e-03 2.39315441e-03 2.43925531e-03 2.48557770e-03
 2.53211826e-03 2.57887369e-03 2.62584072e-03 2.67301610e-03
 2.72039660e-03 2.76797900e-03 2.81576012e-03 2.86373678e-03
 2.91190584e-03 2.96026417e-03 3.00880866e-03 3.05753622e-03
 3.10644379e-03 3.15552832e-03 3.20478679e-03 3.25421620e-03
 3.30381356e-03 3.35357591e-03 3.40350032e-03 3.45358386e-03
 3.50382363e-03 3.55421676e-03 3.60476039e-03 3.65545169e-03
 3.70628784e-03 3.75726604e-03 3.80838353e-03 3.85963756e-03
 3.91102538e-03 3.96254430e-03 4.01419162e-03 4.06596467e-03
 4.11786080e-03 4.16987739e-03 4.22201183e-03 4.27426154e-03
 4.32662394e-03 4.37909649e-03 4.43167667e-03 4.48436197e-03
 4.53714991e-03 4.59003802e-03 4.64302386e-03 4.69610501e-03
 4.74927905e-03 4.80254362e-03 4.85589634e-03 4.90933486e-03
 4.96285687e-03 5.01646006e-03 5.07014215e-03 5.12390086e-03
 5.17773396e-03 5.23163922e-03 5.28561443e-03 5.33965740e-03
 5.39376596e-03 5.44793797e-03 5.50217129e-03 5.55646381e-03
 5.61081345e-03 5.66521811e-03 5.71967576e-03 5.77418435e-03
 5.82874187e-03 5.88334631e-03 5.93799570e-03 5.99268807e-03
 6.04742147e-03 6.10219398e-03 6.15700369e-03 6.21184872e-03
 6.26672718e-03 6.32163722e-03 6.37657700e-03 6.43154470e-03
 6.48653852e-03 6.54155668e-03 6.59659740e-03 6.65165894e-03
 6.70673955e-03 6.76183753e-03 6.81695116e-03 6.87207878e-03
 6.92721870e-03 6.98236929e-03 7.03752890e-03 7.09269591e-03
 7.14786874e-03 7.20304578e-03 7.25822547e-03 7.31340627e-03
 7.36858662e-03 7.42376501e-03 7.47893993e-03 7.53410989e-03
 7.58927342e-03 7.64442905e-03 7.69957535e-03 7.75471087e-03
 7.80983422e-03 7.86494398e-03 7.92003877e-03 7.97511723e-03
 8.03017799e-03 8.08521972e-03 8.14024109e-03 8.19524079e-03
 8.25021752e-03 8.30517000e-03 8.36009695e-03 8.41499713e-03
 8.46986929e-03 8.52471220e-03 8.57952465e-03 8.63430544e-03
 8.68905338e-03 8.74376729e-03 8.79844602e-03 8.85308842e-03
 8.90769335e-03 8.96225970e-03 9.01678635e-03 9.07127220e-03
 9.12571619e-03 9.18011723e-03 9.23447426e-03 9.28878625e-03
 9.34305216e-03 9.39727097e-03 9.45144166e-03 9.50556325e-03
 9.55963474e-03 9.61365517e-03 9.66762357e-03 9.72153899e-03
 9.77540051e-03 9.82920718e-03 9.88295809e-03 9.93665235e-03
 9.99028905e-03 1.00438673e-02 1.00973863e-02 1.01508451e-02
 1.02042429e-02 1.02575788e-02 1.03108521e-02 1.03640618e-02
 1.04172073e-02 1.04702877e-02 1.05233022e-02 1.05762500e-02
 1.06291305e-02 1.06819427e-02 1.07346860e-02 1.07873597e-02
 1.08399630e-02 1.08924952e-02 1.09449556e-02 1.09973435e-02
 1.10496583e-02 1.11018991e-02 1.11540655e-02 1.12061566e-02
 1.12581720e-02 1.13101108e-02 1.13619726e-02 1.14137566e-02
 1.14654623e-02 1.15170891e-02 1.15686363e-02 1.16201034e-02
 1.16714898e-02 1.17227949e-02 1.17740182e-02 1.18251591e-02
 1.18762170e-02 1.19271915e-02 1.19780820e-02 1.20288880e-02
 1.20796090e-02 1.21302444e-02 1.21807938e-02 1.22312567e-02
 1.22816326e-02 1.23319210e-02 1.23821215e-02 1.24322336e-02
 1.24822568e-02 1.25321908e-02 1.25820350e-02 1.26317891e-02
 1.26814527e-02 1.27310252e-02 1.27805063e-02 1.28298957e-02
 1.28791928e-02 1.29283974e-02 1.29775090e-02 1.30265273e-02
 1.30754519e-02 1.31242825e-02 1.31730186e-02 1.32216600e-02
 1.32702063e-02 1.33186572e-02 1.33670124e-02 1.34152714e-02
 1.34634341e-02 1.35115000e-02 1.35594690e-02 1.36073407e-02
 1.36551148e-02 1.37027910e-02 1.37503690e-02 1.37978487e-02
 1.38452296e-02 1.38925116e-02 1.39396943e-02 1.39867777e-02
 1.40337613e-02 1.40806449e-02 1.41274284e-02 1.41741115e-02
 1.42206939e-02 1.42671755e-02 1.43135560e-02 1.43598353e-02
 1.44060131e-02 1.44520892e-02 1.44980634e-02 1.45439356e-02
 1.45897056e-02 1.46353731e-02 1.46809381e-02 1.47264003e-02
 1.47717596e-02 1.48170158e-02 1.48621688e-02 1.49072184e-02
 1.49521645e-02 1.49970069e-02 1.50417455e-02 1.50863802e-02
 1.51309108e-02 1.51753372e-02 1.52196593e-02 1.52638770e-02
 1.53079902e-02 1.53519988e-02 1.53959026e-02 1.54397015e-02
 1.54833956e-02 1.55269846e-02 1.55704685e-02 1.56138472e-02
 1.56571207e-02 1.57002888e-02 1.57433515e-02 1.57863087e-02
 1.58291604e-02 1.58719064e-02 1.59145468e-02 1.59570815e-02
 1.59995105e-02 1.60418336e-02 1.60840509e-02 1.61261623e-02
 1.61681677e-02 1.62100672e-02 1.62518607e-02 1.62935482e-02
 1.63351297e-02 1.63766051e-02 1.64179745e-02 1.64592378e-02
 1.65003950e-02 1.65414461e-02 1.65823910e-02 1.66232299e-02
 1.66639627e-02 1.67045894e-02 1.67451100e-02 1.67855246e-02
 1.68258331e-02 1.68660355e-02 1.69061319e-02 1.69461224e-02
 1.69860068e-02 1.70257853e-02 1.70654579e-02 1.71050246e-02
 1.71444855e-02 1.71838405e-02 1.72230898e-02 1.72622334e-02
 1.73012713e-02 1.73402035e-02 1.73790302e-02 1.74177514e-02
 1.74563670e-02 1.74948773e-02 1.75332822e-02 1.75715819e-02
 1.76097763e-02 1.76478655e-02 1.76858497e-02 1.77237288e-02
 1.77615030e-02 1.77991723e-02 1.78367369e-02 1.78741967e-02
 1.79115519e-02 1.79488026e-02 1.79859488e-02 1.80229906e-02
 1.80599282e-02 1.80967615e-02 1.81334908e-02 1.81701161e-02
 1.82066375e-02 1.82430550e-02 1.82793689e-02 1.83155792e-02
 1.83516860e-02 1.83876894e-02 1.84235895e-02 1.84593864e-02
 1.84950803e-02 1.85306713e-02 1.85661594e-02 1.86015448e-02
 1.86368276e-02 1.86720080e-02 1.87070859e-02 1.87420617e-02
 1.87769354e-02 1.88117070e-02 1.88463769e-02 1.88809450e-02
 1.89154115e-02 1.89497765e-02 1.89840403e-02 1.90182028e-02
 1.90522643e-02 1.90862248e-02 1.91200846e-02 1.91538437e-02
 1.91875023e-02 1.92210606e-02 1.92545187e-02 1.92878766e-02
 1.93211347e-02 1.93542930e-02 1.93873516e-02 1.94203108e-02
 1.94531706e-02 1.94859313e-02 1.95185930e-02 1.95511557e-02
 1.95836198e-02 1.96159853e-02 1.96482524e-02 1.96804213e-02
 1.97124921e-02 1.97444649e-02 1.97763400e-02 1.98081175e-02
 1.98397976e-02 1.98713804e-02 1.99028660e-02 1.99342548e-02
 1.99655468e-02 1.99967421e-02 2.00278411e-02 2.00588437e-02
 2.00897503e-02 2.01205610e-02 2.01512759e-02 2.01818952e-02
 2.02124191e-02 2.02428478e-02 2.02731814e-02 2.03034201e-02
 2.03335642e-02 2.03636137e-02 2.03935689e-02 2.04234299e-02
 2.04531969e-02 2.04828701e-02 2.05124496e-02 2.05419358e-02
 2.05713286e-02 2.06006284e-02 2.06298353e-02 2.06589495e-02
 2.06879711e-02 2.07169004e-02 2.07457375e-02 2.07744827e-02
 2.08031361e-02 2.08316979e-02 2.08601682e-02 2.08885474e-02
 2.09168355e-02 2.09450328e-02 2.09731394e-02 2.10011556e-02
 2.10290814e-02 2.10569172e-02 2.10846632e-02 2.11123194e-02
 2.11398861e-02 2.11673635e-02 2.11947518e-02 2.12220511e-02
 2.12492618e-02 2.12763839e-02 2.13034176e-02 2.13303632e-02
 2.13572209e-02 2.13839908e-02 2.14106732e-02 2.14372681e-02
 2.14637760e-02 2.14901968e-02 2.15165309e-02 2.15427784e-02
 2.15689396e-02 2.15950145e-02 2.16210035e-02 2.16469067e-02
 2.16727244e-02 2.16984566e-02 2.17241037e-02 2.17496658e-02
 2.17751431e-02 2.18005358e-02 2.18258442e-02 2.18510683e-02
 2.18762085e-02 2.19012649e-02 2.19262378e-02 2.19511272e-02
 2.19759335e-02 2.20006568e-02 2.20252974e-02 2.20498553e-02
 2.20743309e-02 2.20987243e-02 2.21230358e-02 2.21472655e-02
 2.21714137e-02 2.21954805e-02 2.22194661e-02 2.22433708e-02
 2.22671947e-02 2.22909381e-02 2.23146011e-02 2.23381840e-02
 2.23616870e-02 2.23851102e-02 2.24084539e-02 2.24317182e-02
 2.24549034e-02 2.24780097e-02 2.25010373e-02 2.25239864e-02
 2.25468571e-02 2.25696498e-02 2.25923645e-02 2.26150015e-02
 2.26375610e-02 2.26600432e-02 2.26824483e-02 2.27047765e-02
 2.27270280e-02 2.27492030e-02 2.27713018e-02 2.27933244e-02
 2.28152712e-02 2.28371423e-02 2.28589379e-02 2.28806582e-02
 2.29023035e-02 2.29238738e-02 2.29453695e-02 2.29667908e-02
 2.29881378e-02 2.30094107e-02 2.30306097e-02 2.30517351e-02
 2.30727870e-02 2.30937657e-02 2.31146713e-02 2.31355040e-02
 2.31562641e-02 2.31769518e-02 2.31975671e-02 2.32181105e-02
 2.32385819e-02 2.32589817e-02 2.32793101e-02 2.32995672e-02
 2.33197532e-02 2.33398684e-02 2.33599129e-02 2.33798870e-02
 2.33997908e-02 2.34196246e-02 2.34393885e-02 2.34590827e-02
 2.34787075e-02 2.34982629e-02 2.35177494e-02 2.35371669e-02
 2.35565158e-02 2.35757962e-02 2.35950083e-02 2.36141523e-02
 2.36332285e-02 2.36522369e-02 2.36711779e-02 2.36900515e-02
 2.37088580e-02 2.37275977e-02 2.37462706e-02 2.37648770e-02
 2.37834171e-02 2.38018910e-02 2.38202990e-02 2.38386413e-02
 2.38569180e-02 2.38751293e-02 2.38932755e-02 2.39113568e-02
 2.39293732e-02 2.39473250e-02 2.39652125e-02 2.39830358e-02
 2.40007950e-02 2.40184904e-02 2.40361222e-02 2.40536906e-02
 2.40711957e-02 2.40886378e-02 2.41060170e-02 2.41233335e-02
 2.41405875e-02 2.41577792e-02 2.41749088e-02 2.41919765e-02
 2.42089824e-02 2.42259268e-02 2.42428098e-02 2.42596317e-02
 2.42763926e-02 2.42930926e-02 2.43097321e-02 2.43263111e-02
 2.43428299e-02 2.43592886e-02 2.43756875e-02 2.43920266e-02
 2.44083063e-02 2.44245266e-02 2.44406878e-02 2.44567901e-02
 2.44728335e-02 2.44888184e-02 2.45047449e-02 2.45206131e-02
 2.45364234e-02 2.45521757e-02 2.45678704e-02 2.45835075e-02
 2.45990874e-02 2.46146101e-02 2.46300758e-02 2.46454848e-02
 2.46608372e-02 2.46761331e-02 2.46913728e-02 2.47065564e-02
 2.47216842e-02 2.47367562e-02 2.47517727e-02 2.47667338e-02
 2.47816397e-02 2.47964907e-02 2.48112868e-02 2.48260282e-02
 2.48407152e-02 2.48553478e-02 2.48699263e-02 2.48844509e-02
 2.48989217e-02 2.49133388e-02 2.49277025e-02 2.49420130e-02
 2.49562703e-02 2.49704747e-02 2.49846264e-02 2.49987254e-02
 2.50127721e-02 2.50267665e-02 2.50407088e-02 2.50545992e-02
 2.50684379e-02 2.50822251e-02 2.50959608e-02 2.51096453e-02
 2.51232787e-02 2.51368612e-02 2.51503930e-02 2.51638742e-02
 2.51773050e-02 2.51906856e-02 2.52040161e-02 2.52172967e-02
 2.52305276e-02 2.52437089e-02 2.52568407e-02 2.52699234e-02
 2.52829569e-02 2.52959415e-02 2.53088773e-02 2.53217646e-02
 2.53346034e-02 2.53473939e-02 2.53601363e-02 2.53728308e-02
 2.53854774e-02 2.53980764e-02 2.54106280e-02 2.54231322e-02
 2.54355892e-02 2.54479993e-02 2.54603625e-02 2.54726789e-02
 2.54849489e-02 2.54971725e-02 2.55093499e-02 2.55214812e-02
 2.55335665e-02 2.55456062e-02 2.55576002e-02 2.55695488e-02
 2.55814521e-02 2.55933102e-02 2.56051234e-02 2.56168917e-02
 2.56286153e-02 2.56402944e-02 2.56519291e-02 2.56635196e-02
 2.56750660e-02 2.56865685e-02 2.56980272e-02 2.57094423e-02
 2.57208138e-02 2.57321421e-02 2.57434272e-02 2.57546692e-02
 2.57658683e-02 2.57770247e-02 2.57881385e-02 2.57992099e-02
 2.58102389e-02 2.58212258e-02 2.58321707e-02 2.58430737e-02
 2.58539350e-02 2.58647547e-02 2.58755330e-02 2.58862700e-02
 2.58969658e-02 2.59076206e-02 2.59182346e-02 2.59288078e-02
 2.59393405e-02 2.59498327e-02 2.59602846e-02 2.59706963e-02
 2.59810680e-02 2.59913999e-02 2.60016920e-02 2.60119444e-02
 2.60221575e-02 2.60323312e-02 2.60424657e-02 2.60525611e-02
 2.60626177e-02 2.60726354e-02 2.60826145e-02 2.60925551e-02
 2.61024573e-02 2.61123213e-02 2.61221472e-02 2.61319351e-02
 2.61416852e-02 2.61513975e-02 2.61610723e-02 2.61707097e-02
 2.61803097e-02 2.61898726e-02 2.61993984e-02 2.62088873e-02
 2.62183395e-02 2.62277549e-02 2.62371339e-02 2.62464765e-02
 2.62557828e-02 2.62650529e-02 2.62742871e-02 2.62834854e-02
 2.62926479e-02 2.63017748e-02 2.63108663e-02 2.63199223e-02
 2.63289431e-02 2.63379288e-02 2.63468795e-02 2.63557953e-02
 2.63646764e-02 2.63735229e-02 2.63823348e-02 2.63911124e-02
 2.63998558e-02 2.64085650e-02 2.64172402e-02 2.64258816e-02
 2.64344892e-02 2.64430631e-02 2.64516036e-02 2.64601106e-02
 2.64685844e-02 2.64770250e-02 2.64854326e-02 2.64938072e-02
 2.65021491e-02 2.65104583e-02 2.65187349e-02 2.65269791e-02
 2.65351909e-02 2.65433706e-02 2.65515181e-02 2.65596337e-02
 2.65677174e-02 2.65757694e-02 2.65837898e-02 2.65917786e-02
 2.65997361e-02 2.66076622e-02 2.66155572e-02 2.66234211e-02
 2.66312541e-02 2.66390563e-02 2.66468277e-02 2.66545686e-02
 2.66622789e-02 2.66699588e-02 2.66776085e-02 2.66852281e-02
 2.66928175e-02 2.67003771e-02 2.67079068e-02 2.67154067e-02
 2.67228771e-02 2.67303180e-02 2.67377294e-02 2.67451116e-02
 2.67524646e-02 2.67597885e-02 2.67670835e-02 2.67743496e-02
 2.67815870e-02 2.67887957e-02 2.67959758e-02 2.68031276e-02
 2.68102510e-02 2.68173461e-02 2.68244132e-02 2.68314522e-02
 2.68384633e-02 2.68454466e-02 2.68524022e-02 2.68593302e-02
 2.68662307e-02 2.68731038e-02 2.68799496e-02 2.68867682e-02
 2.68935597e-02 2.69003242e-02 2.69070618e-02 2.69137727e-02
 2.69204568e-02 2.69271143e-02 2.69337453e-02 2.69403499e-02
 2.69469283e-02 2.69534804e-02 2.69600064e-02 2.69665064e-02
 2.69729805e-02 2.69794288e-02 2.69858514e-02 2.69922483e-02
 2.69986197e-02 2.70049657e-02 2.70112864e-02 2.70175818e-02
 2.70238521e-02 2.70300973e-02 2.70363176e-02 2.70425130e-02
 2.70486837e-02 2.70548296e-02 2.70609510e-02 2.70670479e-02
 2.70731204e-02 2.70791686e-02 2.70851926e-02 2.70911924e-02
 2.70971682e-02 2.71031201e-02 2.71090481e-02 2.71149524e-02
 2.71208330e-02 2.71266900e-02 2.71325235e-02 2.71383336e-02
 2.71441204e-02 2.71498840e-02 2.71556244e-02 2.71613418e-02
 2.71670362e-02 2.71727077e-02 2.71783564e-02 2.71839825e-02
 2.71895859e-02 2.71951667e-02 2.72007252e-02 2.72062612e-02
 2.72117750e-02 2.72172666e-02 2.72227361e-02 2.72281836e-02
 2.72336091e-02 2.72390128e-02 2.72443947e-02 2.72497549e-02
 2.72550935e-02 2.72604105e-02 2.72657062e-02 2.72709804e-02
 2.72762334e-02 2.72814652e-02 2.72866759e-02 2.72918655e-02
 2.72970342e-02 2.73021820e-02 2.73073090e-02 2.73124153e-02
 2.73175009e-02 2.73225660e-02 2.73276106e-02 2.73326349e-02
 2.73376388e-02 2.73426224e-02 2.73475859e-02 2.73525293e-02
 2.73574527e-02 2.73623561e-02 2.73672397e-02 2.73721035e-02
 2.73769476e-02 2.73817720e-02 2.73865770e-02 2.73913624e-02
 2.73961284e-02 2.74008751e-02 2.74056026e-02 2.74103108e-02
 2.74150000e-02 2.74196701e-02 2.74243213e-02 2.74289535e-02
 2.74335670e-02 2.74381617e-02 2.74427378e-02 2.74472952e-02
 2.74506451e-02 2.74536610e-02 2.74567662e-02 2.74599582e-02
 2.74632346e-02 2.74665930e-02 2.74700312e-02 2.74735468e-02
 2.74771376e-02 2.74808015e-02 2.74845363e-02 2.74883399e-02
 2.74922101e-02 2.74961449e-02 2.75001423e-02 2.75042003e-02
 2.75083167e-02 2.75124897e-02 2.75167173e-02 2.75209976e-02
 2.75253287e-02 2.75297087e-02 2.75341357e-02 2.75386081e-02
 2.75431239e-02 2.75476816e-02 2.75522794e-02 2.75569157e-02
 2.75615891e-02 2.75662979e-02 2.75710408e-02 2.75758164e-02
 2.75806235e-02 2.75854609e-02 2.75903275e-02 2.75952224e-02
 2.76001447e-02 2.76050937e-02 2.76100688e-02 2.76150695e-02]",
